{
  "dataset": "MPIIEmo",
  "construct": "expressed",
  "model": "standardized_ridge_floor",
  "metric_primary": "Pearson_r",
  "results": [
    {
      "split": "pair",
      "alpha": 1.0,
      "groups": 16,
      "valence": {
        "pearson_r": -0.03789498004040371,
        "ccc": -0.03261121753261951,
        "mae": 0.2227254279414233,
        "rmse": 0.2796903492489177,
        "prediction_sd": 0.13635538518428802,
        "output_collapsed": false,
        "bootstrap_ci95": [-0.11180348914037533, 0.030310563620286484],
        "bootstrap_draws": 5000,
        "n_rows": 2271,
        "circular_null_permutation_p": 0.3107689231076892,
        "null_permutations": 10000
      },
      "arousal": {
        "pearson_r": 0.14289458900936772,
        "ccc": 0.11565807655183692,
        "mae": 0.12484772394174803,
        "rmse": 0.16801848274221298,
        "prediction_sd": 0.08118349313735962,
        "output_collapsed": false,
        "bootstrap_ci95": [0.03350681090714023, 0.29321717547916826],
        "bootstrap_draws": 5000,
        "n_rows": 2271,
        "circular_null_permutation_p": 0.0027997200279972004,
        "null_permutations": 10000
      }
    },
    {
      "split": "scenario",
      "alpha": 1.0,
      "groups": 7,
      "valence": {
        "pearson_r": -0.026282524542367302,
        "ccc": -0.023748713451730595,
        "mae": 0.2235281292823958,
        "rmse": 0.28656961577765583,
        "prediction_sd": 0.1516033411026001,
        "output_collapsed": false,
        "bootstrap_ci95": [-0.10147650362528408, 0.04623162178530837],
        "bootstrap_draws": 5000,
        "n_rows": 2271,
        "circular_null_permutation_p": 0.6793320667933207,
        "null_permutations": 10000
      },
      "arousal": {
        "pearson_r": 0.08488243527333325,
        "ccc": 0.07386457973843975,
        "mae": 0.12836673535241336,
        "rmse": 0.17754268487426306,
        "prediction_sd": 0.09306002408266068,
        "output_collapsed": false,
        "bootstrap_ci95": [0.027951875106494273, 0.17854948641284932],
        "bootstrap_draws": 5000,
        "n_rows": 2271,
        "circular_null_permutation_p": 0.0004999500049995,
        "null_permutations": 10000
      }
    }
  ],
  "body_representation": "2D normalized COCO17 pose + confidence",
  "pose_backend": "YOLO11n-pose",
  "actor_selection": "portrait face to pose box",
  "research_only": true,
  "coverage": {
    "trace_files": 295,
    "trace_rows": 2271,
    "mean_pose_quality": 0.8698422642648613
  }
}
